{"health": {"corr": 7.0, "wrong": 80.0, "acc": 0.08045977011494253}, "total": {"corr": 7.0, "wrong": 80.0, "acc": 0.08045977011494253}}