{"health": {"corr": 26.0, "wrong": 72.0, "acc": 0.2653061224489796}, "total": {"corr": 26.0, "wrong": 72.0, "acc": 0.2653061224489796}}